model_family,track,feature_set,mode,fold,feature,gain_importance,split_importance,gain_share
lightgbm,vanilla_price_only,price_only,vanilla,1,minute_of_day_sin,1477.0948448181152,124.0,0.0394688941386643
lightgbm,vanilla_price_only,price_only,vanilla,1,minute_of_day_cos,1740.8730731010437,139.0,0.046517212670617
lightgbm,vanilla_price_only,price_only,vanilla,1,day_of_week_sin,299.27209758758545,29.0,0.0079967368241644
lightgbm,vanilla_price_only,price_only,vanilla,1,day_of_week_cos,127.86731958389282,13.0,0.0034166944107593
lightgbm,vanilla_price_only,price_only,vanilla,1,month_sin,335.7980298995972,33.0,0.0089727324826668
lightgbm,vanilla_price_only,price_only,vanilla,1,month_cos,471.773690700531,37.0,0.0126060868203484
lightgbm,vanilla_price_only,price_only,vanilla,1,is_after_gap,8.715999603271484,1.0,0.0002328969374316
lightgbm,vanilla_price_only,price_only,vanilla,1,gap_minutes_from_prev_bar,23.19060039520264,3.0,0.0006196672848878
lightgbm,vanilla_price_only,price_only,vanilla,1,open_rel_prev_close,502.5324592590332,53.0,0.0134279802717609
lightgbm,vanilla_price_only,price_only,vanilla,1,high_rel_prev_close,705.4857487678528,68.0,0.0188510185599378
lightgbm,vanilla_price_only,price_only,vanilla,1,low_rel_prev_close,533.7723107337952,53.0,0.0142627285582982
lightgbm,vanilla_price_only,price_only,vanilla,1,close_rel_prev_close,457.47316122055054,41.0,0.0122239677667532
lightgbm,vanilla_price_only,price_only,vanilla,1,log_ret_1,77.13677072525024,8.0,0.0020611425519721
lightgbm,vanilla_price_only,price_only,vanilla,1,log_ret_2,1418.934975147247,114.0,0.0379148262010427
lightgbm,vanilla_price_only,price_only,vanilla,1,log_ret_3,1013.0773854255676,78.0,0.0270700586491859
lightgbm,vanilla_price_only,price_only,vanilla,1,log_ret_6,648.7343707084656,62.0,0.0173345863953362
lightgbm,vanilla_price_only,price_only,vanilla,1,log_ret_12,438.6150116920471,42.0,0.0117200662671286
lightgbm,vanilla_price_only,price_only,vanilla,1,log_ret_24,582.1485867500305,56.0,0.015555372780574
lightgbm,vanilla_price_only,price_only,vanilla,1,log_ret_48,613.2838821411133,61.0,0.0163873272634414
lightgbm,vanilla_price_only,price_only,vanilla,1,open_to_close_pct,627.2749319076538,55.0,0.0167611768263599
lightgbm,vanilla_price_only,price_only,vanilla,1,high_low_range_pct,549.6092324256897,53.0,0.0146859009686092
lightgbm,vanilla_price_only,price_only,vanilla,1,upper_wick_pct,897.7184729576111,79.0,0.0239875966663808
lightgbm,vanilla_price_only,price_only,vanilla,1,lower_wick_pct,889.2232298851013,86.0,0.0237605984809309
lightgbm,vanilla_price_only,price_only,vanilla,1,close_position_in_bar,1976.688199043274,142.0,0.0528183396935441
lightgbm,vanilla_price_only,price_only,vanilla,1,close_sma_5_ratio,2185.9787678718567,58.0,0.05841071403179
lightgbm,vanilla_price_only,price_only,vanilla,1,close_ema_5_ratio,2936.124968528748,73.0,0.0784550876792344
lightgbm,vanilla_price_only,price_only,vanilla,1,rolling_vol_5,817.5275807380676,86.0,0.0218448460860767
lightgbm,vanilla_price_only,price_only,vanilla,1,close_sma_10_ratio,610.3909497261047,53.0,0.0163100263076911
lightgbm,vanilla_price_only,price_only,vanilla,1,close_ema_10_ratio,491.8565425872803,41.0,0.0131427131296888
lightgbm,vanilla_price_only,price_only,vanilla,1,rolling_vol_10,800.7201428413391,78.0,0.0213957408783676
lightgbm,vanilla_price_only,price_only,vanilla,1,close_sma_20_ratio,372.2678198814392,34.0,0.0099472279831435
lightgbm,vanilla_price_only,price_only,vanilla,1,close_ema_20_ratio,407.79316759109497,38.0,0.0108964873979405
lightgbm,vanilla_price_only,price_only,vanilla,1,rolling_vol_20,728.3972420692444,71.0,0.0194632279294605
lightgbm,vanilla_price_only,price_only,vanilla,1,close_sma_50_ratio,487.2789101600647,49.0,0.0130203959404377
lightgbm,vanilla_price_only,price_only,vanilla,1,close_ema_50_ratio,597.3372411727905,56.0,0.0159612230857347
lightgbm,vanilla_price_only,price_only,vanilla,1,rolling_vol_50,681.8718485832214,66.0,0.0182200404410594
lightgbm,vanilla_price_only,price_only,vanilla,1,close_sma_100_ratio,467.15025186538696,46.0,0.0124825456553507
lightgbm,vanilla_price_only,price_only,vanilla,1,close_ema_100_ratio,661.0654287338257,63.0,0.0176640799451432
lightgbm,vanilla_price_only,price_only,vanilla,1,rolling_vol_100,728.8262739181519,75.0,0.0194746919276499
lightgbm,vanilla_price_only,price_only,vanilla,1,close_sma_200_ratio,886.9807896614075,88.0,0.0237006790816373
lightgbm,vanilla_price_only,price_only,vanilla,1,close_ema_200_ratio,693.2967581748962,68.0,0.0185253211403995
lightgbm,vanilla_price_only,price_only,vanilla,1,rolling_vol_200,611.6812286376953,62.0,0.0163445033637512
lightgbm,vanilla_price_only,price_only,vanilla,1,roc_5,1218.0532307624817,108.0,0.0325471408886694
lightgbm,vanilla_price_only,price_only,vanilla,1,roc_10,746.9567189216614,71.0,0.0199591487091767
lightgbm,vanilla_price_only,price_only,vanilla,1,roc_20,557.8988509178162,56.0,0.0149074047372152
lightgbm,vanilla_price_only,price_only,vanilla,1,rsi_14,670.4573998451233,66.0,0.0179150392622416
lightgbm,vanilla_price_only,price_only,vanilla,1,true_range_pct,638.1378507614136,60.0,0.0170514407831938
lightgbm,vanilla_price_only,price_only,vanilla,1,atr_pct_14,622.407310962677,63.0,0.016631110963319
lightgbm,vanilla_price_only,price_only,vanilla,1,bb_width_pct_20,793.6860213279724,72.0,0.0212077847709155
lightgbm,vanilla_price_only,price_only,vanilla,1,bb_position_20,593.8397674560547,59.0,0.0158677684099142
lightgbm,vanilla_price_only,price_only,vanilla,2,minute_of_day_sin,2559.9454429149628,212.0,0.039047920051116
lightgbm,vanilla_price_only,price_only,vanilla,2,minute_of_day_cos,2805.546820163727,248.0,0.0427941807262394
lightgbm,vanilla_price_only,price_only,vanilla,2,day_of_week_sin,371.8832116127014,43.0,0.0056724903866974
lightgbm,vanilla_price_only,price_only,vanilla,2,day_of_week_cos,313.27699089050293,34.0,0.0047785451553284
lightgbm,vanilla_price_only,price_only,vanilla,2,month_sin,664.911595582962,71.0,0.0101421750597229
lightgbm,vanilla_price_only,price_only,vanilla,2,month_cos,930.2254710197448,84.0,0.0141891187261123
lightgbm,vanilla_price_only,price_only,vanilla,2,is_after_gap,33.867159843444824,4.0,0.0005165899740501
lightgbm,vanilla_price_only,price_only,vanilla,2,gap_minutes_from_prev_bar,52.9443793296814,8.0,0.000807582793197
lightgbm,vanilla_price_only,price_only,vanilla,2,open_rel_prev_close,1289.8461184501648,136.0,0.0196745630852717
lightgbm,vanilla_price_only,price_only,vanilla,2,high_rel_prev_close,1150.604069232941,120.0,0.01755064578827
lightgbm,vanilla_price_only,price_only,vanilla,2,low_rel_prev_close,1417.8212995529177,146.0,0.021626622123896
lightgbm,vanilla_price_only,price_only,vanilla,2,close_rel_prev_close,1101.2334938049316,103.0,0.0167975757228411
lightgbm,vanilla_price_only,price_only,vanilla,2,log_ret_1,261.0076398849488,26.0,0.0039812588518889
lightgbm,vanilla_price_only,price_only,vanilla,2,log_ret_2,2102.906608581543,176.0,0.0320765152843858
lightgbm,vanilla_price_only,price_only,vanilla,2,log_ret_3,1708.805905342102,150.0,0.0260651321923073
lightgbm,vanilla_price_only,price_only,vanilla,2,log_ret_6,1057.3837628364563,112.0,0.0161287174103099
lightgbm,vanilla_price_only,price_only,vanilla,2,log_ret_12,1210.644052028656,122.0,0.0184664607930648
lightgbm,vanilla_price_only,price_only,vanilla,2,log_ret_24,966.291229724884,102.0,0.0147392448494634
lightgbm,vanilla_price_only,price_only,vanilla,2,log_ret_48,1435.4471173286438,145.0,0.0218954761048459
lightgbm,vanilla_price_only,price_only,vanilla,2,open_to_close_pct,761.0235104560852,73.0,0.0116082103529016
lightgbm,vanilla_price_only,price_only,vanilla,2,high_low_range_pct,997.2875421047212,106.0,0.0152120445847223
lightgbm,vanilla_price_only,price_only,vanilla,2,upper_wick_pct,1553.2313261032104,152.0,0.0236920879741505
lightgbm,vanilla_price_only,price_only,vanilla,2,lower_wick_pct,1808.1461210250848,181.0,0.0275804101098839
lightgbm,vanilla_price_only,price_only,vanilla,2,close_position_in_bar,2765.613025188446,218.0,0.0421850538255673
lightgbm,vanilla_price_only,price_only,vanilla,2,close_sma_5_ratio,3352.3098521232605,122.0,0.0511341862595412
lightgbm,vanilla_price_only,price_only,vanilla,2,close_ema_5_ratio,2688.840317726136,90.0,0.0410140075630804
lightgbm,vanilla_price_only,price_only,vanilla,2,rolling_vol_5,1411.851655960083,145.0,0.0215355646498425
lightgbm,vanilla_price_only,price_only,vanilla,2,close_sma_10_ratio,1328.625352859497,119.0,0.020266078990054
lightgbm,vanilla_price_only,price_only,vanilla,2,close_ema_10_ratio,827.4545912742615,71.0,0.0126215114526874
lightgbm,vanilla_price_only,price_only,vanilla,2,rolling_vol_10,1242.7626612186432,133.0,0.0189563793916329
lightgbm,vanilla_price_only,price_only,vanilla,2,close_sma_20_ratio,709.1547923088074,69.0,0.0108170350702508
lightgbm,vanilla_price_only,price_only,vanilla,2,close_ema_20_ratio,1164.2009801864624,109.0,0.0177580451659891
lightgbm,vanilla_price_only,price_only,vanilla,2,rolling_vol_20,1014.9981861114502,108.0,0.0154821924557023
lightgbm,vanilla_price_only,price_only,vanilla,2,close_sma_50_ratio,1124.4559025764463,115.0,0.0171517968503319
lightgbm,vanilla_price_only,price_only,vanilla,2,close_ema_50_ratio,1078.07528090477,106.0,0.0164443338018638
lightgbm,vanilla_price_only,price_only,vanilla,2,rolling_vol_50,1211.6403815746307,130.0,0.0184816582249333
lightgbm,vanilla_price_only,price_only,vanilla,2,close_sma_100_ratio,1367.6375484466553,133.0,0.0208611483492553
lightgbm,vanilla_price_only,price_only,vanilla,2,close_ema_100_ratio,1115.3029651641846,107.0,0.0170121832623564
lightgbm,vanilla_price_only,price_only,vanilla,2,rolling_vol_100,1624.934338569641,165.0,0.0247858040554687
lightgbm,vanilla_price_only,price_only,vanilla,2,close_sma_200_ratio,1597.6152169704435,161.0,0.0243690940513455
lightgbm,vanilla_price_only,price_only,vanilla,2,close_ema_200_ratio,1473.8313369750977,151.0,0.0224809666840016
lightgbm,vanilla_price_only,price_only,vanilla,2,rolling_vol_200,1598.5574345588684,163.0,0.0243834660908612
lightgbm,vanilla_price_only,price_only,vanilla,2,roc_5,1672.4966378211975,156.0,0.0255112917269978
lightgbm,vanilla_price_only,price_only,vanilla,2,roc_10,1540.8192427158356,155.0,0.0235027612675524
lightgbm,vanilla_price_only,price_only,vanilla,2,roc_20,1191.6410808563232,119.0,0.0181766005145481
lightgbm,vanilla_price_only,price_only,vanilla,2,rsi_14,1432.9365029335022,152.0,0.0218571806519283
lightgbm,vanilla_price_only,price_only,vanilla,2,true_range_pct,1164.5454306602478,106.0,0.0177632992133357
lightgbm,vanilla_price_only,price_only,vanilla,2,atr_pct_14,1115.9940514564514,120.0,0.0170227246910277
lightgbm,vanilla_price_only,price_only,vanilla,2,bb_width_pct_20,1245.323962688446,123.0,0.01899544799573
lightgbm,vanilla_price_only,price_only,vanilla,2,bb_position_20,943.1734480857848,100.0,0.0143866196434454
lightgbm,vanilla_price_only,price_only,vanilla,3,minute_of_day_sin,1580.1417622566223,130.0,0.0380907048030738
lightgbm,vanilla_price_only,price_only,vanilla,3,minute_of_day_cos,1886.7595772743225,145.0,0.0454819964948543
lightgbm,vanilla_price_only,price_only,vanilla,3,day_of_week_sin,224.8437275886536,23.0,0.0054200555032297
lightgbm,vanilla_price_only,price_only,vanilla,3,day_of_week_cos,225.72589015960693,20.0,0.0054413208066861
lightgbm,vanilla_price_only,price_only,vanilla,3,month_sin,266.6294593811035,24.0,0.0064273372628191
lightgbm,vanilla_price_only,price_only,vanilla,3,month_cos,415.981969833374,34.0,0.0100276106832944
lightgbm,vanilla_price_only,price_only,vanilla,3,is_after_gap,23.23902940750122,3.0,0.0005601972115507
lightgbm,vanilla_price_only,price_only,vanilla,3,gap_minutes_from_prev_bar,47.9906702041626,5.0,0.0011568572489583
lightgbm,vanilla_price_only,price_only,vanilla,3,open_rel_prev_close,728.9226069450378,72.0,0.0175713195541257
lightgbm,vanilla_price_only,price_only,vanilla,3,high_rel_prev_close,670.2991495132446,65.0,0.0161581496317125
lightgbm,vanilla_price_only,price_only,vanilla,3,low_rel_prev_close,460.5243501663208,41.0,0.0111013438767425
lightgbm,vanilla_price_only,price_only,vanilla,3,close_rel_prev_close,601.607759475708,52.0,0.0145022833525402
lightgbm,vanilla_price_only,price_only,vanilla,3,log_ret_1,120.0781192779541,10.0,0.0028945885134969
lightgbm,vanilla_price_only,price_only,vanilla,3,log_ret_2,987.43657207489,83.0,0.0238030257012822
lightgbm,vanilla_price_only,price_only,vanilla,3,log_ret_3,1015.9553780555724,80.0,0.0244904965636401
lightgbm,vanilla_price_only,price_only,vanilla,3,log_ret_6,712.9124803543091,62.0,0.0171853813931366
lightgbm,vanilla_price_only,price_only,vanilla,3,log_ret_12,869.3134899139404,74.0,0.0209555650743342
lightgbm,vanilla_price_only,price_only,vanilla,3,log_ret_24,645.6769986152649,59.0,0.015564611062026
lightgbm,vanilla_price_only,price_only,vanilla,3,log_ret_48,862.9165391921997,78.0,0.0208013609596137
lightgbm,vanilla_price_only,price_only,vanilla,3,open_to_close_pct,525.1690001487732,46.0,0.0126596599331849
lightgbm,vanilla_price_only,price_only,vanilla,3,high_low_range_pct,673.2070894241333,60.0,0.0162282480769131
lightgbm,vanilla_price_only,price_only,vanilla,3,upper_wick_pct,1136.9093217849731,96.0,0.0274061975946568
lightgbm,vanilla_price_only,price_only,vanilla,3,lower_wick_pct,1016.6045680046082,96.0,0.024506145857457
lightgbm,vanilla_price_only,price_only,vanilla,3,close_position_in_bar,2604.3269486427307,165.0,0.0627795881236443
lightgbm,vanilla_price_only,price_only,vanilla,3,close_sma_5_ratio,3012.1719574928284,101.0,0.0726110502168493
lightgbm,vanilla_price_only,price_only,vanilla,3,close_ema_5_ratio,2928.4273195266724,58.0,0.0705923121771347
lightgbm,vanilla_price_only,price_only,vanilla,3,rolling_vol_5,666.7455701828003,64.0,0.0160724874813261
lightgbm,vanilla_price_only,price_only,vanilla,3,close_sma_10_ratio,561.1092319488525,43.0,0.0135260307821496
lightgbm,vanilla_price_only,price_only,vanilla,3,close_ema_10_ratio,782.7683029174805,61.0,0.0188693173409023
lightgbm,vanilla_price_only,price_only,vanilla,3,rolling_vol_10,795.1431179046631,74.0,0.0191676231232874
lightgbm,vanilla_price_only,price_only,vanilla,3,close_sma_20_ratio,296.04709243774414,26.0,0.0071364751411608
lightgbm,vanilla_price_only,price_only,vanilla,3,close_ema_20_ratio,516.35413646698,44.0,0.0124471699032378
lightgbm,vanilla_price_only,price_only,vanilla,3,rolling_vol_20,660.5555801391602,61.0,0.0159232723354967
lightgbm,vanilla_price_only,price_only,vanilla,3,close_sma_50_ratio,569.7284054756165,52.0,0.0137338035290616
lightgbm,vanilla_price_only,price_only,vanilla,3,close_ema_50_ratio,450.820071220398,43.0,0.010867413710801
lightgbm,vanilla_price_only,price_only,vanilla,3,rolling_vol_50,682.420690536499,61.0,0.0164503500227811
lightgbm,vanilla_price_only,price_only,vanilla,3,close_sma_100_ratio,769.9022302627563,65.0,0.0185591693610361
lightgbm,vanilla_price_only,price_only,vanilla,3,close_ema_100_ratio,593.9388327598572,54.0,0.014317417139478
lightgbm,vanilla_price_only,price_only,vanilla,3,rolling_vol_100,757.744170665741,70.0,0.0182660886576778
lightgbm,vanilla_price_only,price_only,vanilla,3,close_sma_200_ratio,946.928120136261,85.0,0.0228265338942305
lightgbm,vanilla_price_only,price_only,vanilla,3,close_ema_200_ratio,822.3599786758423,69.0,0.0198237094530486
lightgbm,vanilla_price_only,price_only,vanilla,3,rolling_vol_200,820.6812052726746,78.0,0.0197832411459266
lightgbm,vanilla_price_only,price_only,vanilla,3,roc_5,1211.8658595085144,95.0,0.0292130907606285
lightgbm,vanilla_price_only,price_only,vanilla,3,roc_10,1039.2368483543396,95.0,0.0250517168501449
lightgbm,vanilla_price_only,price_only,vanilla,3,roc_20,534.8657536506653,49.0,0.0128934086916895
lightgbm,vanilla_price_only,price_only,vanilla,3,rsi_14,854.7706484794617,78.0,0.0206049971105538
lightgbm,vanilla_price_only,price_only,vanilla,3,true_range_pct,714.9125490188599,59.0,0.0172335948046843
lightgbm,vanilla_price_only,price_only,vanilla,3,atr_pct_14,722.7260346412659,67.0,0.0174219457371355
lightgbm,vanilla_price_only,price_only,vanilla,3,bb_width_pct_20,836.6227235794067,77.0,0.0201675254439806
lightgbm,vanilla_price_only,price_only,vanilla,3,bb_position_20,631.6388807296753,58.0,0.0152262099026217
lightgbm,vanilla_volume_assisted,volume_assisted,vanilla,1,minute_of_day_sin,956.0419993400574,81.0,0.0272418079764406
lightgbm,vanilla_volume_assisted,volume_assisted,vanilla,1,minute_of_day_cos,1443.3669781684875,123.0,0.0411278229261301
lightgbm,vanilla_volume_assisted,volume_assisted,vanilla,1,day_of_week_sin,244.47794008255005,22.0,0.0069662432223708
lightgbm,vanilla_volume_assisted,volume_assisted,vanilla,1,day_of_week_cos,193.38744068145752,19.0,0.0055104519756832
lightgbm,vanilla_volume_assisted,volume_assisted,vanilla,1,month_sin,265.86881923675537,26.0,0.0075757627024443
lightgbm,vanilla_volume_assisted,volume_assisted,vanilla,1,month_cos,340.266640663147,34.0,0.009695681248452
lightgbm,vanilla_volume_assisted,volume_assisted,vanilla,1,is_after_gap,0.0,0.0,0.0
lightgbm,vanilla_volume_assisted,volume_assisted,vanilla,1,gap_minutes_from_prev_bar,46.544089794158936,5.0,0.0013262442000308
lightgbm,vanilla_volume_assisted,volume_assisted,vanilla,1,open_rel_prev_close,427.02937841415405,44.0,0.0121679302113163
lightgbm,vanilla_volume_assisted,volume_assisted,vanilla,1,high_rel_prev_close,516.2957005500793,48.0,0.0147115172169798
lightgbm,vanilla_volume_assisted,volume_assisted,vanilla,1,low_rel_prev_close,445.4127087593079,44.0,0.0126917515032426
lightgbm,vanilla_volume_assisted,volume_assisted,vanilla,1,close_rel_prev_close,470.6399097442627,42.0,0.0134105845309649
lightgbm,vanilla_volume_assisted,volume_assisted,vanilla,1,log_ret_1,89.71648979187012,6.0,0.0025564142463589
lightgbm,vanilla_volume_assisted,volume_assisted,vanilla,1,log_ret_2,1349.5075092315674,90.0,0.0384533571272266
lightgbm,vanilla_volume_assisted,volume_assisted,vanilla,1,log_ret_3,741.2503252029419,68.0,0.0211214559983678
lightgbm,vanilla_volume_assisted,volume_assisted,vanilla,1,log_ret_6,623.1972622871399,58.0,0.0177576091451931
lightgbm,vanilla_volume_assisted,volume_assisted,vanilla,1,log_ret_12,510.5520873069763,49.0,0.0145478566150737
lightgbm,vanilla_volume_assisted,volume_assisted,vanilla,1,log_ret_24,486.9754204750061,42.0,0.0138760545070027
lightgbm,vanilla_volume_assisted,volume_assisted,vanilla,1,log_ret_48,655.9918789863586,64.0,0.0186920708648642
lightgbm,vanilla_volume_assisted,volume_assisted,vanilla,1,open_to_close_pct,445.14323806762695,38.0,0.0126840731074785
lightgbm,vanilla_volume_assisted,volume_assisted,vanilla,1,high_low_range_pct,698.068510055542,64.0,0.0198910176733448
lightgbm,vanilla_volume_assisted,volume_assisted,vanilla,1,upper_wick_pct,939.5470447540284,88.0,0.026771794749278
lightgbm,vanilla_volume_assisted,volume_assisted,vanilla,1,lower_wick_pct,821.3002524375916,75.0,0.0234024277001965
lightgbm,vanilla_volume_assisted,volume_assisted,vanilla,1,close_position_in_bar,1968.21225309372,135.0,0.0560829548206753
lightgbm,vanilla_volume_assisted,volume_assisted,vanilla,1,close_sma_5_ratio,2662.570704936981,89.0,0.0758682567477768
lightgbm,vanilla_volume_assisted,volume_assisted,vanilla,1,close_ema_5_ratio,2549.0036759376526,69.0,0.0726322365744055
lightgbm,vanilla_volume_assisted,volume_assisted,vanilla,1,rolling_vol_5,461.88178968429565,42.0,0.0131610274769098
lightgbm,vanilla_volume_assisted,volume_assisted,vanilla,1,close_sma_10_ratio,751.5569109916687,58.0,0.0214151355973217
lightgbm,vanilla_volume_assisted,volume_assisted,vanilla,1,close_ema_10_ratio,553.0195121765137,40.0,0.0157579388440432
lightgbm,vanilla_volume_assisted,volume_assisted,vanilla,1,rolling_vol_10,621.7451887130737,60.0,0.0177162332333611
lightgbm,vanilla_volume_assisted,volume_assisted,vanilla,1,close_sma_20_ratio,232.33236169815063,23.0,0.0066201627004492
lightgbm,vanilla_volume_assisted,volume_assisted,vanilla,1,close_ema_20_ratio,415.1257319450378,37.0,0.0118287433852616
lightgbm,vanilla_volume_assisted,volume_assisted,vanilla,1,rolling_vol_20,449.4839792251587,45.0,0.0128077597626365
lightgbm,vanilla_volume_assisted,volume_assisted,vanilla,1,close_sma_50_ratio,529.3314189910889,52.0,0.0150829617129853
lightgbm,vanilla_volume_assisted,volume_assisted,vanilla,1,close_ema_50_ratio,395.2645421028137,37.0,0.0112628114280474
lightgbm,vanilla_volume_assisted,volume_assisted,vanilla,1,rolling_vol_50,503.60596084594727,50.0,0.0143499311647671
lightgbm,vanilla_volume_assisted,volume_assisted,vanilla,1,close_sma_100_ratio,873.6246423721313,82.0,0.0248933778719098
lightgbm,vanilla_volume_assisted,volume_assisted,vanilla,1,close_ema_100_ratio,300.9825391769409,28.0,0.0085763057921928
lightgbm,vanilla_volume_assisted,volume_assisted,vanilla,1,rolling_vol_100,678.2275991439819,65.0,0.0193256635513466
lightgbm,vanilla_volume_assisted,volume_assisted,vanilla,1,close_sma_200_ratio,838.5937523841858,83.0,0.0238951949689053
lightgbm,vanilla_volume_assisted,volume_assisted,vanilla,1,close_ema_200_ratio,641.1281895637512,62.0,0.0182685394997656
lightgbm,vanilla_volume_assisted,volume_assisted,vanilla,1,rolling_vol_200,745.2524704933167,71.0,0.0212354945799045
lightgbm,vanilla_volume_assisted,volume_assisted,vanilla,1,roc_5,1145.884714603424,100.0,0.032651255258569
lightgbm,vanilla_volume_assisted,volume_assisted,vanilla,1,roc_10,695.2798681259155,63.0,0.01981155709733
lightgbm,vanilla_volume_assisted,volume_assisted,vanilla,1,roc_20,519.2659406661987,50.0,0.0147961523176795
lightgbm,vanilla_volume_assisted,volume_assisted,vanilla,1,rsi_14,437.35500860214233,43.0,0.0124621524682999
lightgbm,vanilla_volume_assisted,volume_assisted,vanilla,1,true_range_pct,418.5436186790466,39.0,0.0119261338912827
lightgbm,vanilla_volume_assisted,volume_assisted,vanilla,1,atr_pct_14,466.5481810569763,45.0,0.0132939933275787
lightgbm,vanilla_volume_assisted,volume_assisted,vanilla,1,bb_width_pct_20,601.3905787467957,53.0,0.0171362415839153
lightgbm,vanilla_volume_assisted,volume_assisted,vanilla,1,bb_position_20,550.2241477966309,51.0,0.0156782867160891
lightgbm,vanilla_volume_assisted,volume_assisted,vanilla,1,volume_z20,1378.6434841156006,118.0,0.0392835681781481
lightgbm,vanilla_volume_assisted,volume_assisted,vanilla,2,minute_of_day_sin,3791.8843717575073,382.0,0.0346176199959995
lightgbm,vanilla_volume_assisted,volume_assisted,vanilla,2,minute_of_day_cos,3785.0572102069855,376.0,0.034555292123882
lightgbm,vanilla_volume_assisted,volume_assisted,vanilla,2,day_of_week_sin,688.5917508602142,78.0,0.0062864278618839
lightgbm,vanilla_volume_assisted,volume_assisted,vanilla,2,day_of_week_cos,493.98950242996216,58.0,0.0045098265665752
lightgbm,vanilla_volume_assisted,volume_assisted,vanilla,2,month_sin,1028.361296892166,119.0,0.0093883191321855
lightgbm,vanilla_volume_assisted,volume_assisted,vanilla,2,month_cos,1154.6852958202362,125.0,0.0105415811419234
lightgbm,vanilla_volume_assisted,volume_assisted,vanilla,2,is_after_gap,65.24739909172058,9.0,0.0005956694471771
lightgbm,vanilla_volume_assisted,volume_assisted,vanilla,2,gap_minutes_from_prev_bar,82.44575929641724,9.0,0.0007526801151592
lightgbm,vanilla_volume_assisted,volume_assisted,vanilla,2,open_rel_prev_close,2646.07390499115,309.0,0.0241570606969373
lightgbm,vanilla_volume_assisted,volume_assisted,vanilla,2,high_rel_prev_close,2058.3521361351013,237.0,0.0187915150043598
lightgbm,vanilla_volume_assisted,volume_assisted,vanilla,2,low_rel_prev_close,2133.476620197296,239.0,0.0194773562871348
lightgbm,vanilla_volume_assisted,volume_assisted,vanilla,2,close_rel_prev_close,1809.9553816318512,195.0,0.0165238022756493
lightgbm,vanilla_volume_assisted,volume_assisted,vanilla,2,log_ret_1,263.29865074157715,26.0,0.0024037580641222
lightgbm,vanilla_volume_assisted,volume_assisted,vanilla,2,log_ret_2,2860.1441357135773,276.0,0.0261113929426144
lightgbm,vanilla_volume_assisted,volume_assisted,vanilla,2,log_ret_3,2930.518025636673,263.0,0.0267538641627664
lightgbm,vanilla_volume_assisted,volume_assisted,vanilla,2,log_ret_6,2313.5762469768524,250.0,0.0211215573834848
lightgbm,vanilla_volume_assisted,volume_assisted,vanilla,2,log_ret_12,2418.098122358322,266.0,0.0220757791393417
lightgbm,vanilla_volume_assisted,volume_assisted,vanilla,2,log_ret_24,1852.9349439144128,211.0,0.0169161797874146
lightgbm,vanilla_volume_assisted,volume_assisted,vanilla,2,log_ret_48,2595.826429367065,288.0,0.0236983315147216
lightgbm,vanilla_volume_assisted,volume_assisted,vanilla,2,open_to_close_pct,1649.5421314239502,176.0,0.0150593259378736
lightgbm,vanilla_volume_assisted,volume_assisted,vanilla,2,high_low_range_pct,1701.2596724033356,187.0,0.0155314759311821
lightgbm,vanilla_volume_assisted,volume_assisted,vanilla,2,upper_wick_pct,2644.4634368419647,288.0,0.0241423580929182
lightgbm,vanilla_volume_assisted,volume_assisted,vanilla,2,lower_wick_pct,3251.228745222092,367.0,0.0296817598290854
lightgbm,vanilla_volume_assisted,volume_assisted,vanilla,2,close_position_in_bar,3885.856702327728,348.0,0.0354755307630176
lightgbm,vanilla_volume_assisted,volume_assisted,vanilla,2,close_sma_5_ratio,3726.048047065735,196.0,0.0340165740128761
lightgbm,vanilla_volume_assisted,volume_assisted,vanilla,2,close_ema_5_ratio,3417.9548785686493,170.0,0.0312038689868913
lightgbm,vanilla_volume_assisted,volume_assisted,vanilla,2,rolling_vol_5,2689.2745809555054,309.0,0.0245514568434135
lightgbm,vanilla_volume_assisted,volume_assisted,vanilla,2,close_sma_10_ratio,1817.7073645591736,183.0,0.0165945732098033
lightgbm,vanilla_volume_assisted,volume_assisted,vanilla,2,close_ema_10_ratio,1527.059607744217,159.0,0.0139411342829601
lightgbm,vanilla_volume_assisted,volume_assisted,vanilla,2,rolling_vol_10,2581.444836139679,287.0,0.0235670362323573
lightgbm,vanilla_volume_assisted,volume_assisted,vanilla,2,close_sma_20_ratio,1461.2538604736328,157.0,0.0133403674532717
lightgbm,vanilla_volume_assisted,volume_assisted,vanilla,2,close_ema_20_ratio,1629.5678372383118,166.0,0.0148769726649318
lightgbm,vanilla_volume_assisted,volume_assisted,vanilla,2,rolling_vol_20,2030.788740158081,233.0,0.0185398778039118
lightgbm,vanilla_volume_assisted,volume_assisted,vanilla,2,close_sma_50_ratio,1777.0534794330597,194.0,0.0162234277294351
lightgbm,vanilla_volume_assisted,volume_assisted,vanilla,2,close_ema_50_ratio,1527.8607740402222,159.0,0.0139484484486017
lightgbm,vanilla_volume_assisted,volume_assisted,vanilla,2,rolling_vol_50,2062.357099533081,240.0,0.0188280779075015
lightgbm,vanilla_volume_assisted,volume_assisted,vanilla,2,close_sma_100_ratio,2167.4487257003784,224.0,0.0197875011448021
lightgbm,vanilla_volume_assisted,volume_assisted,vanilla,2,close_ema_100_ratio,1686.163318157196,185.0,0.015393655311305
lightgbm,vanilla_volume_assisted,volume_assisted,vanilla,2,rolling_vol_100,2741.995212316513,306.0,0.0250327644476215
lightgbm,vanilla_volume_assisted,volume_assisted,vanilla,2,close_sma_200_ratio,2657.06014752388,290.0,0.0242573584728965
lightgbm,vanilla_volume_assisted,volume_assisted,vanilla,2,close_ema_200_ratio,2000.596661567688,227.0,0.0182642423147823
lightgbm,vanilla_volume_assisted,volume_assisted,vanilla,2,rolling_vol_200,2777.874599456787,304.0,0.0253603216376462
lightgbm,vanilla_volume_assisted,volume_assisted,vanilla,2,roc_5,2632.9295783042908,282.0,0.0240370609127302
lightgbm,vanilla_volume_assisted,volume_assisted,vanilla,2,roc_10,2114.998673439026,233.0,0.0193086637647709
lightgbm,vanilla_volume_assisted,volume_assisted,vanilla,2,roc_20,1985.0759341716769,221.0,0.018122547423699
lightgbm,vanilla_volume_assisted,volume_assisted,vanilla,2,rsi_14,2283.325315952301,258.0,0.0208453846070855
lightgbm,vanilla_volume_assisted,volume_assisted,vanilla,2,true_range_pct,1859.699322223664,203.0,0.0169779344863614
lightgbm,vanilla_volume_assisted,volume_assisted,vanilla,2,atr_pct_14,2261.968478679657,257.0,0.0206504095486351
lightgbm,vanilla_volume_assisted,volume_assisted,vanilla,2,bb_width_pct_20,2282.539189338684,250.0,0.0208382077446839
lightgbm,vanilla_volume_assisted,volume_assisted,vanilla,2,bb_position_20,1969.769807815552,220.0,0.0179828117108293
lightgbm,vanilla_volume_assisted,volume_assisted,vanilla,2,volume_z20,3761.568757295609,405.0,0.0343408566987841
lightgbm,vanilla_volume_assisted,volume_assisted,vanilla,3,minute_of_day_sin,1505.8418016433716,126.0,0.0364577574829863
lightgbm,vanilla_volume_assisted,volume_assisted,vanilla,3,minute_of_day_cos,2172.6292247772217,169.0,0.0526012687992412
lightgbm,vanilla_volume_assisted,volume_assisted,vanilla,3,day_of_week_sin,206.5013308525085,22.0,0.0049995792598654
lightgbm,vanilla_volume_assisted,volume_assisted,vanilla,3,day_of_week_cos,249.34223699569705,23.0,0.0060367953637186
lightgbm,vanilla_volume_assisted,volume_assisted,vanilla,3,month_sin,253.9304404258728,24.0,0.0061478798134645
lightgbm,vanilla_volume_assisted,volume_assisted,vanilla,3,month_cos,484.7110676765442,42.0,0.0117352822423878
lightgbm,vanilla_volume_assisted,volume_assisted,vanilla,3,is_after_gap,10.245200157165527,1.0,0.0002480453273955
lightgbm,vanilla_volume_assisted,volume_assisted,vanilla,3,gap_minutes_from_prev_bar,80.21036005020142,8.0,0.0019419635257447
lightgbm,vanilla_volume_assisted,volume_assisted,vanilla,3,open_rel_prev_close,528.8117594718933,51.0,0.0128029988674358
lightgbm,vanilla_volume_assisted,volume_assisted,vanilla,3,high_rel_prev_close,499.5084981918335,46.0,0.0120935410797431
lightgbm,vanilla_volume_assisted,volume_assisted,vanilla,3,low_rel_prev_close,559.2158989906311,53.0,0.013539109887759
lightgbm,vanilla_volume_assisted,volume_assisted,vanilla,3,close_rel_prev_close,692.5645890235901,61.0,0.016767599226141
lightgbm,vanilla_volume_assisted,volume_assisted,vanilla,3,log_ret_1,101.317120552063,8.0,0.0024529768040244
lightgbm,vanilla_volume_assisted,volume_assisted,vanilla,3,log_ret_2,1112.9402108192444,77.0,0.026945263609252
lightgbm,vanilla_volume_assisted,volume_assisted,vanilla,3,log_ret_3,1081.958697795868,73.0,0.0261951738674016
lightgbm,vanilla_volume_assisted,volume_assisted,vanilla,3,log_ret_6,668.4868822097778,56.0,0.0161846567186303
lightgbm,vanilla_volume_assisted,volume_assisted,vanilla,3,log_ret_12,637.3050994873047,56.0,0.0154297182708182
lightgbm,vanilla_volume_assisted,volume_assisted,vanilla,3,log_ret_24,641.6411881446838,60.0,0.0155346987996646
lightgbm,vanilla_volume_assisted,volume_assisted,vanilla,3,log_ret_48,907.4536600112916,88.0,0.0219702530688381
lightgbm,vanilla_volume_assisted,volume_assisted,vanilla,3,open_to_close_pct,501.6391596794128,45.0,0.0121451262726284
lightgbm,vanilla_volume_assisted,volume_assisted,vanilla,3,high_low_range_pct,498.30812978744507,45.0,0.0120644791024958
lightgbm,vanilla_volume_assisted,volume_assisted,vanilla,3,upper_wick_pct,1106.6228790283203,88.0,0.0267923154375904
lightgbm,vanilla_volume_assisted,volume_assisted,vanilla,3,lower_wick_pct,1008.1930179595948,87.0,0.0244092417309026
lightgbm,vanilla_volume_assisted,volume_assisted,vanilla,3,close_position_in_bar,2279.6381068229675,141.0,0.0551920481665636
lightgbm,vanilla_volume_assisted,volume_assisted,vanilla,3,close_sma_5_ratio,2649.2712717056274,80.0,0.0641411929361231
lightgbm,vanilla_volume_assisted,volume_assisted,vanilla,3,close_ema_5_ratio,2849.9744720458984,59.0,0.0690003943449824
lightgbm,vanilla_volume_assisted,volume_assisted,vanilla,3,rolling_vol_5,729.9856281280518,69.0,0.0176735955711374
lightgbm,vanilla_volume_assisted,volume_assisted,vanilla,3,close_sma_10_ratio,684.5988264083862,53.0,0.0165747410910598
lightgbm,vanilla_volume_assisted,volume_assisted,vanilla,3,close_ema_10_ratio,579.3418612480164,45.0,0.0140263771759235
lightgbm,vanilla_volume_assisted,volume_assisted,vanilla,3,rolling_vol_10,775.8832740783691,73.0,0.0187848180403706
lightgbm,vanilla_volume_assisted,volume_assisted,vanilla,3,close_sma_20_ratio,414.8756790161133,35.0,0.010044505919979
lightgbm,vanilla_volume_assisted,volume_assisted,vanilla,3,close_ema_20_ratio,394.7448310852051,35.0,0.0095571203453516
lightgbm,vanilla_volume_assisted,volume_assisted,vanilla,3,rolling_vol_20,650.4604549407959,60.0,0.0157482210233666
lightgbm,vanilla_volume_assisted,volume_assisted,vanilla,3,close_sma_50_ratio,534.2402987480164,47.0,0.0129344285888048
lightgbm,vanilla_volume_assisted,volume_assisted,vanilla,3,close_ema_50_ratio,492.29277086257935,43.0,0.0119188419601237
lightgbm,vanilla_volume_assisted,volume_assisted,vanilla,3,rolling_vol_50,709.0585188865662,69.0,0.0171669318082419
lightgbm,vanilla_volume_assisted,volume_assisted,vanilla,3,close_sma_100_ratio,596.2508692741394,53.0,0.0144357591662637
lightgbm,vanilla_volume_assisted,volume_assisted,vanilla,3,close_ema_100_ratio,687.997082233429,56.0,0.0166570158602948
lightgbm,vanilla_volume_assisted,volume_assisted,vanilla,3,rolling_vol_100,829.9942350387573,74.0,0.0200948921063928
lightgbm,vanilla_volume_assisted,volume_assisted,vanilla,3,close_sma_200_ratio,949.5102782249452,86.0,0.0229884808705332
lightgbm,vanilla_volume_assisted,volume_assisted,vanilla,3,close_ema_200_ratio,767.2474098205566,71.0,0.0185757361537981
lightgbm,vanilla_volume_assisted,volume_assisted,vanilla,3,rolling_vol_200,902.3512301445008,83.0,0.0218467187437487
lightgbm,vanilla_volume_assisted,volume_assisted,vanilla,3,roc_5,1237.91796875,97.0,0.0299710853020981
lightgbm,vanilla_volume_assisted,volume_assisted,vanilla,3,roc_10,751.0801024436951,69.0,0.018184311390018
lightgbm,vanilla_volume_assisted,volume_assisted,vanilla,3,roc_20,508.852783203125,47.0,0.0123197744572611
lightgbm,vanilla_volume_assisted,volume_assisted,vanilla,3,rsi_14,625.4309592247009,61.0,0.0151422348674883
lightgbm,vanilla_volume_assisted,volume_assisted,vanilla,3,true_range_pct,582.5176701545715,51.0,0.0141032663091652
lightgbm,vanilla_volume_assisted,volume_assisted,vanilla,3,atr_pct_14,532.8529300689697,50.0,0.0129008391700591
lightgbm,vanilla_volume_assisted,volume_assisted,vanilla,3,bb_width_pct_20,884.5881223678589,77.0,0.0214166582455223
lightgbm,vanilla_volume_assisted,volume_assisted,vanilla,3,bb_position_20,458.3908386230469,43.0,0.0110980462945732
lightgbm,vanilla_volume_assisted,volume_assisted,vanilla,3,volume_z20,1735.01487159729,144.0,0.0420062395326234
lightgbm,tuned_price_only,price_only,tuned,1,minute_of_day_sin,1796.6507287025452,150.0,0.036052180694324
lightgbm,tuned_price_only,price_only,tuned,1,minute_of_day_cos,2253.871063709259,198.0,0.0452269133629742
lightgbm,tuned_price_only,price_only,tuned,1,day_of_week_sin,455.3632678985596,41.0,0.0091374681531408
lightgbm,tuned_price_only,price_only,tuned,1,day_of_week_cos,165.40859937667847,17.0,0.0033191430130827
lightgbm,tuned_price_only,price_only,tuned,1,month_sin,412.0656909942627,40.0,0.0082686448246871
lightgbm,tuned_price_only,price_only,tuned,1,month_cos,569.4934115409851,51.0,0.011427640914898
lightgbm,tuned_price_only,price_only,tuned,1,is_after_gap,19.46988010406494,2.0,0.0003906889772145
lightgbm,tuned_price_only,price_only,tuned,1,gap_minutes_from_prev_bar,81.33614015579224,8.0,0.0016321175702263
lightgbm,tuned_price_only,price_only,tuned,1,open_rel_prev_close,742.3095536231995,73.0,0.0148954261008052
lightgbm,tuned_price_only,price_only,tuned,1,high_rel_prev_close,817.5681238174438,75.0,0.0164055891659429
lightgbm,tuned_price_only,price_only,tuned,1,low_rel_prev_close,782.6754484176636,74.0,0.0157054213379256
lightgbm,tuned_price_only,price_only,tuned,1,close_rel_prev_close,1011.975431919098,79.0,0.0203066297455103
lightgbm,tuned_price_only,price_only,tuned,1,log_ret_1,33.030099868774414,3.0,0.0006627927786947
lightgbm,tuned_price_only,price_only,tuned,1,log_ret_2,1582.4866890907288,109.0,0.03175469508348
lightgbm,tuned_price_only,price_only,tuned,1,log_ret_3,1253.1312685012815,91.0,0.0251457415756824
lightgbm,tuned_price_only,price_only,tuned,1,log_ret_6,951.3152298927308,81.0,0.019089402306993
lightgbm,tuned_price_only,price_only,tuned,1,log_ret_12,700.9549202919006,63.0,0.0140655905130701
lightgbm,tuned_price_only,price_only,tuned,1,log_ret_24,777.3618702888489,72.0,0.0155987973426365
lightgbm,tuned_price_only,price_only,tuned,1,log_ret_48,910.234691143036,86.0,0.0182650667907106
lightgbm,tuned_price_only,price_only,tuned,1,open_to_close_pct,771.8323225975037,70.0,0.0154878396315235
lightgbm,tuned_price_only,price_only,tuned,1,high_low_range_pct,766.1818513870239,71.0,0.015374455429556
lightgbm,tuned_price_only,price_only,tuned,1,upper_wick_pct,1589.3084044456482,136.0,0.0318915818532298
lightgbm,tuned_price_only,price_only,tuned,1,lower_wick_pct,1011.205783843994,93.0,0.0202911857357028
lightgbm,tuned_price_only,price_only,tuned,1,close_position_in_bar,2903.22851896286,194.0,0.0582571322797669
lightgbm,tuned_price_only,price_only,tuned,1,close_sma_5_ratio,5023.247391700745,131.0,0.1007981238338228
lightgbm,tuned_price_only,price_only,tuned,1,close_ema_5_ratio,4415.159986972809,110.0,0.0885960432385444
lightgbm,tuned_price_only,price_only,tuned,1,rolling_vol_5,800.8919105529785,75.0,0.0160709588205436
lightgbm,tuned_price_only,price_only,tuned,1,close_sma_10_ratio,1113.8474597930908,75.0,0.0223508271501236
lightgbm,tuned_price_only,price_only,tuned,1,close_ema_10_ratio,621.2749171257019,48.0,0.0124667055289271
lightgbm,tuned_price_only,price_only,tuned,1,rolling_vol_10,725.7225828170776,68.0,0.0145625865237408
lightgbm,tuned_price_only,price_only,tuned,1,close_sma_20_ratio,237.9855833053589,22.0,0.0047754964918333
lightgbm,tuned_price_only,price_only,tuned,1,close_ema_20_ratio,547.5560994148254,45.0,0.0109874396403346
lightgbm,tuned_price_only,price_only,tuned,1,rolling_vol_20,805.6670212745667,75.0,0.0161667777528602
lightgbm,tuned_price_only,price_only,tuned,1,close_sma_50_ratio,703.087673664093,63.0,0.014108387039252
lightgbm,tuned_price_only,price_only,tuned,1,close_ema_50_ratio,436.5055913925171,41.0,0.0087590638534014
lightgbm,tuned_price_only,price_only,tuned,1,rolling_vol_50,915.2927417755128,88.0,0.0183665632877481
lightgbm,tuned_price_only,price_only,tuned,1,close_sma_100_ratio,682.1341500282288,65.0,0.0136879267860516
lightgbm,tuned_price_only,price_only,tuned,1,close_ema_100_ratio,671.1760077476501,63.0,0.0134680371217657
lightgbm,tuned_price_only,price_only,tuned,1,rolling_vol_100,656.8246002197266,66.0,0.0131800570880569
lightgbm,tuned_price_only,price_only,tuned,1,close_sma_200_ratio,1007.2839212417604,90.0,0.0202124883590034
lightgbm,tuned_price_only,price_only,tuned,1,close_ema_200_ratio,812.0351920127869,75.0,0.0162945635481062
lightgbm,tuned_price_only,price_only,tuned,1,rolling_vol_200,796.600745677948,79.0,0.0159848509037448
lightgbm,tuned_price_only,price_only,tuned,1,roc_5,1634.834084033966,131.0,0.0328051150183182
lightgbm,tuned_price_only,price_only,tuned,1,roc_10,1014.4898400306702,94.0,0.0203570846804231
lightgbm,tuned_price_only,price_only,tuned,1,roc_20,593.2643284797668,56.0,0.0119046359028808
lightgbm,tuned_price_only,price_only,tuned,1,rsi_14,789.3107581138611,76.0,0.0158385676308074
lightgbm,tuned_price_only,price_only,tuned,1,true_range_pct,504.6897468566895,44.0,0.0101272694005415
lightgbm,tuned_price_only,price_only,tuned,1,atr_pct_14,681.5978126525879,67.0,0.013677164464989
lightgbm,tuned_price_only,price_only,tuned,1,bb_width_pct_20,798.5877757072449,75.0,0.0160247232977036
lightgbm,tuned_price_only,price_only,tuned,1,bb_position_20,487.204137802124,45.0,0.0097763974546955
lightgbm,tuned_price_only,price_only,tuned,2,minute_of_day_sin,3012.0164017677307,306.0,0.0349603002283927
lightgbm,tuned_price_only,price_only,tuned,2,minute_of_day_cos,3365.5979766845703,348.0,0.0390643011252889
lightgbm,tuned_price_only,price_only,tuned,2,day_of_week_sin,705.7168564796448,78.0,0.0081912147504529
lightgbm,tuned_price_only,price_only,tuned,2,day_of_week_cos,371.8756384849548,43.0,0.0043163390350162
lightgbm,tuned_price_only,price_only,tuned,2,month_sin,863.1861610412598,99.0,0.0100189518640354
lightgbm,tuned_price_only,price_only,tuned,2,month_cos,1021.1103773117064,109.0,0.0118519691115206
lightgbm,tuned_price_only,price_only,tuned,2,is_after_gap,25.33273935317993,3.0,0.0002940356409995
lightgbm,tuned_price_only,price_only,tuned,2,gap_minutes_from_prev_bar,58.55883932113648,5.0,0.0006796890622812
lightgbm,tuned_price_only,price_only,tuned,2,open_rel_prev_close,2256.765550136566,246.0,0.0261941472601424
lightgbm,tuned_price_only,price_only,tuned,2,high_rel_prev_close,1855.17333984375,197.0,0.0215328896942869
lightgbm,tuned_price_only,price_only,tuned,2,low_rel_prev_close,2014.9211316108704,216.0,0.0233870730771276
lightgbm,tuned_price_only,price_only,tuned,2,close_rel_prev_close,1330.3354272842407,139.0,0.0154411263879667
lightgbm,tuned_price_only,price_only,tuned,2,log_ret_1,133.347149848938,14.0,0.0015477526585125
lightgbm,tuned_price_only,price_only,tuned,2,log_ret_2,2191.5175313949585,209.0,0.0254368172790787
lightgbm,tuned_price_only,price_only,tuned,2,log_ret_3,2009.7057313919067,193.0,0.0233265382283269
lightgbm,tuned_price_only,price_only,tuned,2,log_ret_6,1866.0852780342104,192.0,0.0216595439299638
lightgbm,tuned_price_only,price_only,tuned,2,log_ret_12,2178.27489900589,224.0,0.0252831108105932
lightgbm,tuned_price_only,price_only,tuned,2,log_ret_24,2094.0632147789,225.0,0.0243056706606703
lightgbm,tuned_price_only,price_only,tuned,2,log_ret_48,2353.1082906723022,252.0,0.027312391879255
lightgbm,tuned_price_only,price_only,tuned,2,open_to_close_pct,1203.4336347579956,119.0,0.0139681846192449
lightgbm,tuned_price_only,price_only,tuned,2,high_low_range_pct,1570.8486428260803,166.0,0.0182327493749146
lightgbm,tuned_price_only,price_only,tuned,2,upper_wick_pct,2518.066786289215,260.0,0.0292270556004109
lightgbm,tuned_price_only,price_only,tuned,2,lower_wick_pct,2508.725580692292,263.0,0.0291186327671315
lightgbm,tuned_price_only,price_only,tuned,2,close_position_in_bar,2805.9687881469727,253.0,0.0325687174902317
lightgbm,tuned_price_only,price_only,tuned,2,close_sma_5_ratio,2930.33038520813,166.0,0.0340121753570577
lightgbm,tuned_price_only,price_only,tuned,2,close_ema_5_ratio,1975.6863374710083,120.0,0.0229316770899996
lightgbm,tuned_price_only,price_only,tuned,2,rolling_vol_5,2097.149127960205,227.0,0.0243414886765462
lightgbm,tuned_price_only,price_only,tuned,2,close_sma_10_ratio,1634.1494183540344,152.0,0.0189674778165819
lightgbm,tuned_price_only,price_only,tuned,2,close_ema_10_ratio,1165.220582962036,118.0,0.0135246479364281
lightgbm,tuned_price_only,price_only,tuned,2,rolling_vol_10,1839.485079288483,199.0,0.0213507969610762
lightgbm,tuned_price_only,price_only,tuned,2,close_sma_20_ratio,921.881175994873,96.0,0.0107002215090095
lightgbm,tuned_price_only,price_only,tuned,2,close_ema_20_ratio,1221.729787349701,125.0,0.014180547004541
lightgbm,tuned_price_only,price_only,tuned,2,rolling_vol_20,1538.6826610565186,167.0,0.0178594006842683
lightgbm,tuned_price_only,price_only,tuned,2,close_sma_50_ratio,1342.0848479270935,142.0,0.0155775012340474
lightgbm,tuned_price_only,price_only,tuned,2,close_ema_50_ratio,1261.3780698776245,129.0,0.0146407423274825
lightgbm,tuned_price_only,price_only,tuned,2,rolling_vol_50,2142.66415309906,233.0,0.024869778941773
lightgbm,tuned_price_only,price_only,tuned,2,close_sma_100_ratio,1643.7676639556885,173.0,0.0190791162371785
lightgbm,tuned_price_only,price_only,tuned,2,close_ema_100_ratio,1369.9335074424744,144.0,0.0159007390149057
lightgbm,tuned_price_only,price_only,tuned,2,rolling_vol_100,2414.1434783935547,259.0,0.0280208237742403
lightgbm,tuned_price_only,price_only,tuned,2,close_sma_200_ratio,1654.2315773963928,179.0,0.0192005702754886
lightgbm,tuned_price_only,price_only,tuned,2,close_ema_200_ratio,1892.334442615509,196.0,0.0219642164656008
lightgbm,tuned_price_only,price_only,tuned,2,rolling_vol_200,2437.1029300689697,259.0,0.0282873128023813
lightgbm,tuned_price_only,price_only,tuned,2,roc_5,2059.468101024628,217.0,0.0239041271755236
lightgbm,tuned_price_only,price_only,tuned,2,roc_10,2008.895230293274,210.0,0.0233171307889361
lightgbm,tuned_price_only,price_only,tuned,2,roc_20,1671.4812712669373,179.0,0.0194007864749117
lightgbm,tuned_price_only,price_only,tuned,2,rsi_14,1948.4399700164795,213.0,0.0226154300782687
lightgbm,tuned_price_only,price_only,tuned,2,true_range_pct,1429.0196714401245,152.0,0.0165865487042186
lightgbm,tuned_price_only,price_only,tuned,2,atr_pct_14,1699.7706699371338,185.0,0.0197291398896575
lightgbm,tuned_price_only,price_only,tuned,2,bb_width_pct_20,1919.6233768463128,206.0,0.0222809575474428
lightgbm,tuned_price_only,price_only,tuned,2,bb_position_20,1622.946198940277,179.0,0.0188374426965873
lightgbm,tuned_price_only,price_only,tuned,3,minute_of_day_sin,1813.423129081726,202.0,0.0322555457416644
lightgbm,tuned_price_only,price_only,tuned,3,minute_of_day_cos,2180.226133108139,230.0,0.0387799089114145
lightgbm,tuned_price_only,price_only,tuned,3,day_of_week_sin,379.2187395095825,45.0,0.0067452031476744
lightgbm,tuned_price_only,price_only,tuned,3,day_of_week_cos,387.0798807144165,45.0,0.006885030083621
lightgbm,tuned_price_only,price_only,tuned,3,month_sin,609.5153384208679,75.0,0.0108415126968386
lightgbm,tuned_price_only,price_only,tuned,3,month_cos,625.387439250946,72.0,0.0111238314045525
lightgbm,tuned_price_only,price_only,tuned,3,is_after_gap,52.567580699920654,5.0,0.0009350250234502
lightgbm,tuned_price_only,price_only,tuned,3,gap_minutes_from_prev_bar,38.4090301990509,5.0,0.0006831854136027
lightgbm,tuned_price_only,price_only,tuned,3,open_rel_prev_close,1243.746019601822,149.0,0.0221226397650471
lightgbm,tuned_price_only,price_only,tuned,3,high_rel_prev_close,1475.3636827468872,175.0,0.0262424472210908
lightgbm,tuned_price_only,price_only,tuned,3,low_rel_prev_close,996.1655342578888,116.0,0.0177188999308703
lightgbm,tuned_price_only,price_only,tuned,3,close_rel_prev_close,808.5525920391083,88.0,0.0143818090211881
lightgbm,tuned_price_only,price_only,tuned,3,log_ret_1,638.3943123817444,74.0,0.0113551860092767
lightgbm,tuned_price_only,price_only,tuned,3,log_ret_2,1178.2877078056335,134.0,0.0209583259673163
lightgbm,tuned_price_only,price_only,tuned,3,log_ret_3,1458.5707566738129,147.0,0.02594374969904
lightgbm,tuned_price_only,price_only,tuned,3,log_ret_6,1270.2289838790894,143.0,0.0225936950041257
lightgbm,tuned_price_only,price_only,tuned,3,log_ret_12,1060.187998533249,128.0,0.0188576741594607
lightgbm,tuned_price_only,price_only,tuned,3,log_ret_24,1153.328467130661,133.0,0.0205143733583758
lightgbm,tuned_price_only,price_only,tuned,3,log_ret_48,1181.1186978816986,140.0,0.0210086810821421
lightgbm,tuned_price_only,price_only,tuned,3,open_to_close_pct,870.9168043136597,95.0,0.0154910877490288
lightgbm,tuned_price_only,price_only,tuned,3,high_low_range_pct,1064.389363527298,124.0,0.0189324042754329
lightgbm,tuned_price_only,price_only,tuned,3,upper_wick_pct,1594.4753093719482,179.0,0.0283610981081093
lightgbm,tuned_price_only,price_only,tuned,3,lower_wick_pct,1485.3512406349182,172.0,0.0264200969516686
lightgbm,tuned_price_only,price_only,tuned,3,close_position_in_bar,2052.1230561733246,200.0,0.0365013261628801
lightgbm,tuned_price_only,price_only,tuned,3,close_sma_5_ratio,1643.4102149009705,95.0,0.0292315083605993
lightgbm,tuned_price_only,price_only,tuned,3,close_ema_5_ratio,1783.062740802765,121.0,0.0317155223587253
lightgbm,tuned_price_only,price_only,tuned,3,rolling_vol_5,1489.3017401695251,176.0,0.0264903648976308
lightgbm,tuned_price_only,price_only,tuned,3,close_sma_10_ratio,1009.8531284332277,99.0,0.0179623625915895
lightgbm,tuned_price_only,price_only,tuned,3,close_ema_10_ratio,778.2803020477295,57.0,0.0138433526516499
lightgbm,tuned_price_only,price_only,tuned,3,rolling_vol_10,1108.688331604004,134.0,0.0197203546264523
lightgbm,tuned_price_only,price_only,tuned,3,close_sma_20_ratio,739.5155882835388,77.0,0.013153840657493
lightgbm,tuned_price_only,price_only,tuned,3,close_ema_20_ratio,886.2608306407928,100.0,0.015764013540654
lightgbm,tuned_price_only,price_only,tuned,3,rolling_vol_20,1117.944566488266,136.0,0.0198849962387252
lightgbm,tuned_price_only,price_only,tuned,3,close_sma_50_ratio,1034.0761387348175,119.0,0.0183932197943315
lightgbm,tuned_price_only,price_only,tuned,3,close_ema_50_ratio,882.8021397590637,103.0,0.0157024934463347
lightgbm,tuned_price_only,price_only,tuned,3,rolling_vol_50,1400.530727148056,164.0,0.0249113856593447
lightgbm,tuned_price_only,price_only,tuned,3,close_sma_100_ratio,929.1342782974244,110.0,0.0165266080117478
lightgbm,tuned_price_only,price_only,tuned,3,close_ema_100_ratio,1096.794313430786,119.0,0.019508794488564
lightgbm,tuned_price_only,price_only,tuned,3,rolling_vol_100,1249.058795928955,148.0,0.0222171386699562
lightgbm,tuned_price_only,price_only,tuned,3,close_sma_200_ratio,1337.475378990173,149.0,0.0237898136256887
lightgbm,tuned_price_only,price_only,tuned,3,close_ema_200_ratio,1062.8203873634338,123.0,0.0189044967332771
lightgbm,tuned_price_only,price_only,tuned,3,rolling_vol_200,1543.049942970276,177.0,0.0274463897691399
lightgbm,tuned_price_only,price_only,tuned,3,roc_5,1435.4921789169312,163.0,0.0255332486369593
lightgbm,tuned_price_only,price_only,tuned,3,roc_10,1296.8638262748718,141.0,0.0230674517150894
lightgbm,tuned_price_only,price_only,tuned,3,roc_20,1231.1090338230133,133.0,0.0218978643851105
lightgbm,tuned_price_only,price_only,tuned,3,rsi_14,1187.2272078990936,135.0,0.0211173337849337
lightgbm,tuned_price_only,price_only,tuned,3,true_range_pct,987.5163879394532,113.0,0.0175650566660378
lightgbm,tuned_price_only,price_only,tuned,3,atr_pct_14,1126.3758492469788,132.0,0.0200349643417692
lightgbm,tuned_price_only,price_only,tuned,3,bb_width_pct_20,1280.7656366825104,151.0,0.0227811115430539
lightgbm,tuned_price_only,price_only,tuned,3,bb_position_20,966.0693469047546,111.0,0.0171835759172683
lightgbm,tuned_volume_assisted,volume_assisted,tuned,1,minute_of_day_sin,496.55489230155945,47.0,0.0197823319283252
lightgbm,tuned_volume_assisted,volume_assisted,tuned,1,minute_of_day_cos,800.6450021266937,79.0,0.0318970277695019
lightgbm,tuned_volume_assisted,volume_assisted,tuned,1,day_of_week_sin,166.07797074317932,18.0,0.0066164075596883
lightgbm,tuned_volume_assisted,volume_assisted,tuned,1,day_of_week_cos,85.61151075363159,9.0,0.0034106910411532
lightgbm,tuned_volume_assisted,volume_assisted,tuned,1,month_sin,71.51939010620117,9.0,0.0028492727316298
lightgbm,tuned_volume_assisted,volume_assisted,tuned,1,month_cos,123.3234405517578,12.0,0.0049131028076879
lightgbm,tuned_volume_assisted,volume_assisted,tuned,1,is_after_gap,8.896909713745117,1.0,0.0003544454476681
lightgbm,tuned_volume_assisted,volume_assisted,tuned,1,gap_minutes_from_prev_bar,30.74319076538086,3.0,0.0012247830273863
lightgbm,tuned_volume_assisted,volume_assisted,tuned,1,open_rel_prev_close,416.98975133895874,46.0,0.0166125232065731
lightgbm,tuned_volume_assisted,volume_assisted,tuned,1,high_rel_prev_close,374.7885718345642,37.0,0.0149312634834975
lightgbm,tuned_volume_assisted,volume_assisted,tuned,1,low_rel_prev_close,469.8141732215881,46.0,0.018717004027939
lightgbm,tuned_volume_assisted,volume_assisted,tuned,1,close_rel_prev_close,321.1829104423523,31.0,0.0127956587329674
lightgbm,tuned_volume_assisted,volume_assisted,tuned,1,log_ret_1,0.0,0.0,0.0
lightgbm,tuned_volume_assisted,volume_assisted,tuned,1,log_ret_2,876.4146611690521,61.0,0.0349156276635126
lightgbm,tuned_volume_assisted,volume_assisted,tuned,1,log_ret_3,564.4983067512512,40.0,0.0224891407783149
lightgbm,tuned_volume_assisted,volume_assisted,tuned,1,log_ret_6,483.5323717594147,46.0,0.01926352559311
lightgbm,tuned_volume_assisted,volume_assisted,tuned,1,log_ret_12,340.7703576087952,35.0,0.0135760062584526
lightgbm,tuned_volume_assisted,volume_assisted,tuned,1,log_ret_24,316.5056896209717,31.0,0.0126093221642917
lightgbm,tuned_volume_assisted,volume_assisted,tuned,1,log_ret_48,324.93719959259033,33.0,0.0129452264751775
lightgbm,tuned_volume_assisted,volume_assisted,tuned,1,open_to_close_pct,405.5076303482056,37.0,0.0161550851021423
lightgbm,tuned_volume_assisted,volume_assisted,tuned,1,high_low_range_pct,317.7999587059021,31.0,0.0126608847629884
lightgbm,tuned_volume_assisted,volume_assisted,tuned,1,upper_wick_pct,922.2019795179368,79.0,0.0367397561611439
lightgbm,tuned_volume_assisted,volume_assisted,tuned,1,lower_wick_pct,423.9581399559975,47.0,0.0168901379854526
lightgbm,tuned_volume_assisted,volume_assisted,tuned,1,close_position_in_bar,1824.283868670464,114.0,0.0726779447368965
lightgbm,tuned_volume_assisted,volume_assisted,tuned,1,close_sma_5_ratio,3022.6212182044983,73.0,0.1204187032675669
lightgbm,tuned_volume_assisted,volume_assisted,tuned,1,close_ema_5_ratio,2333.0398139953613,66.0,0.0929463564210047
lightgbm,tuned_volume_assisted,volume_assisted,tuned,1,rolling_vol_5,454.6772685050965,47.0,0.0181139623942515
lightgbm,tuned_volume_assisted,volume_assisted,tuned,1,close_sma_10_ratio,579.3929662704468,42.0,0.0230825315657914
lightgbm,tuned_volume_assisted,volume_assisted,tuned,1,close_ema_10_ratio,275.40015935897827,24.0,0.0109717121913771
lightgbm,tuned_volume_assisted,volume_assisted,tuned,1,rolling_vol_10,432.3930387496948,42.0,0.0172261773041779
lightgbm,tuned_volume_assisted,volume_assisted,tuned,1,close_sma_20_ratio,86.7966079711914,10.0,0.003457904323891
lightgbm,tuned_volume_assisted,volume_assisted,tuned,1,close_ema_20_ratio,213.26137828826904,22.0,0.0084961550841564
lightgbm,tuned_volume_assisted,volume_assisted,tuned,1,rolling_vol_20,274.0885603427887,27.0,0.0109194591827019
lightgbm,tuned_volume_assisted,volume_assisted,tuned,1,close_sma_50_ratio,276.2118308544159,27.0,0.011004048505425
lightgbm,tuned_volume_assisted,volume_assisted,tuned,1,close_ema_50_ratio,182.9310793876648,18.0,0.0072878213236007
lightgbm,tuned_volume_assisted,volume_assisted,tuned,1,rolling_vol_50,357.28064036369324,33.0,0.0142337621254305
lightgbm,tuned_volume_assisted,volume_assisted,tuned,1,close_sma_100_ratio,416.1636781692505,38.0,0.016579613141858
lightgbm,tuned_volume_assisted,volume_assisted,tuned,1,close_ema_100_ratio,276.7508399486542,28.0,0.0110255221772787
lightgbm,tuned_volume_assisted,volume_assisted,tuned,1,rolling_vol_100,453.73009300231934,44.0,0.0180762277137946
lightgbm,tuned_volume_assisted,volume_assisted,tuned,1,close_sma_200_ratio,381.6262516975403,39.0,0.015203670934851
lightgbm,tuned_volume_assisted,volume_assisted,tuned,1,close_ema_200_ratio,498.88033723831177,47.0,0.019874975711184
lightgbm,tuned_volume_assisted,volume_assisted,tuned,1,rolling_vol_200,340.7814199924469,36.0,0.0135764469745723
lightgbm,tuned_volume_assisted,volume_assisted,tuned,1,roc_5,736.2188526391983,58.0,0.0293303438161566
lightgbm,tuned_volume_assisted,volume_assisted,tuned,1,roc_10,240.57054913043976,25.0,0.009584129627682
lightgbm,tuned_volume_assisted,volume_assisted,tuned,1,roc_20,263.7066116333008,27.0,0.0105058510225205
lightgbm,tuned_volume_assisted,volume_assisted,tuned,1,rsi_14,273.0968987941742,30.0,0.0108799522153567
lightgbm,tuned_volume_assisted,volume_assisted,tuned,1,true_range_pct,296.94414258003235,25.0,0.0118300064781612
lightgbm,tuned_volume_assisted,volume_assisted,tuned,1,atr_pct_14,298.7298901081085,34.0,0.0119011491672945
lightgbm,tuned_volume_assisted,volume_assisted,tuned,1,bb_width_pct_20,405.0944197177887,41.0,0.016138623135955
lightgbm,tuned_volume_assisted,volume_assisted,tuned,1,bb_position_20,273.66386795043945,27.0,0.0109025397927147
lightgbm,tuned_volume_assisted,volume_assisted,tuned,1,volume_z20,1290.3178539276123,116.0,0.0514051849557421
lightgbm,tuned_volume_assisted,volume_assisted,tuned,2,minute_of_day_sin,1561.3393559455872,179.0,0.03919659094222771
lightgbm,tuned_volume_assisted,volume_assisted,tuned,2,minute_of_day_cos,1528.1271572113037,168.0,0.038362816424777416
lightgbm,tuned_volume_assisted,volume_assisted,tuned,2,day_of_week_sin,423.1408324241638,54.0,0.010622724685908504
lightgbm,tuned_volume_assisted,volume_assisted,tuned,2,day_of_week_cos,209.4101586341858,28.0,0.005257130229808445
lightgbm,tuned_volume_assisted,volume_assisted,tuned,2,month_sin,512.3027019500732,64.0,0.012861085817422275
lightgbm,tuned_volume_assisted,volume_assisted,tuned,2,month_cos,628.4250409603119,78.0,0.01577627514132326
lightgbm,tuned_volume_assisted,volume_assisted,tuned,2,is_after_gap,21.627560138702393,3.0,0.0005429483504703833
lightgbm,tuned_volume_assisted,volume_assisted,tuned,2,gap_minutes_from_prev_bar,21.833619594573975,3.0,0.0005481213630962547
lightgbm,tuned_volume_assisted,volume_assisted,tuned,2,open_rel_prev_close,773.9345462322235,101.0,0.019429213584609265
lightgbm,tuned_volume_assisted,volume_assisted,tuned,2,high_rel_prev_close,737.4487290382385,98.0,0.018513256623491476
lightgbm,tuned_volume_assisted,volume_assisted,tuned,2,low_rel_prev_close,782.7184298038483,92.0,0.019649728292017388
lightgbm,tuned_volume_assisted,volume_assisted,tuned,2,close_rel_prev_close,651.2366690635681,79.0,0.01634894888587769
lightgbm,tuned_volume_assisted,volume_assisted,tuned,2,log_ret_1,258.2924871444702,29.0,0.006484294989106286
lightgbm,tuned_volume_assisted,volume_assisted,tuned,2,log_ret_2,1319.6004853248596,129.0,0.033127865658083275
lightgbm,tuned_volume_assisted,volume_assisted,tuned,2,log_ret_3,1152.2672176361084,120.0,0.028927053310885357
lightgbm,tuned_volume_assisted,volume_assisted,tuned,2,log_ret_6,759.0508568286896,87.0,0.01905556650843717
lightgbm,tuned_volume_assisted,volume_assisted,tuned,2,log_ret_12,827.8775573372841,105.0,0.020783424078583898
lightgbm,tuned_volume_assisted,volume_assisted,tuned,2,log_ret_24,651.9700503349304,83.0,0.016367360031147814
lightgbm,tuned_volume_assisted,volume_assisted,tuned,2,log_ret_48,932.275637626648,111.0,0.02340428214680174
lightgbm,tuned_volume_assisted,volume_assisted,tuned,2,open_to_close_pct,532.7606511116028,65.0,0.013374671708758322
lightgbm,tuned_volume_assisted,volume_assisted,tuned,2,high_low_range_pct,605.2148504257202,71.0,0.015193595699720008
lightgbm,tuned_volume_assisted,volume_assisted,tuned,2,upper_wick_pct,939.9802024364471,117.0,0.0235977011329354
lightgbm,tuned_volume_assisted,volume_assisted,tuned,2,lower_wick_pct,973.630411863327,122.0,0.024442471674972304
lightgbm,tuned_volume_assisted,volume_assisted,tuned,2,close_position_in_bar,1752.028736591339,171.0,0.04398374603553644
lightgbm,tuned_volume_assisted,volume_assisted,tuned,2,close_sma_5_ratio,1391.6683278083801,82.0,0.03493709036708619
lightgbm,tuned_volume_assisted,volume_assisted,tuned,2,close_ema_5_ratio,1299.3386888504028,81.0,0.03261920407523156
lightgbm,tuned_volume_assisted,volume_assisted,tuned,2,rolling_vol_5,947.4366464614868,113.0,0.023784891179237728
lightgbm,tuned_volume_assisted,volume_assisted,tuned,2,close_sma_10_ratio,623.5323543548584,57.0,0.015653446856266465
lightgbm,tuned_volume_assisted,volume_assisted,tuned,2,close_ema_10_ratio,761.1807398796082,78.0,0.019109036085299968
lightgbm,tuned_volume_assisted,volume_assisted,tuned,2,rolling_vol_10,646.9559073448181,85.0,0.016241482648398923
lightgbm,tuned_volume_assisted,volume_assisted,tuned,2,close_sma_20_ratio,473.5093774795532,53.0,0.011887200118089993
lightgbm,tuned_volume_assisted,volume_assisted,tuned,2,close_ema_20_ratio,692.0585904121399,66.0,0.017373761426778968
lightgbm,tuned_volume_assisted,volume_assisted,tuned,2,rolling_vol_20,639.1103689670563,85.0,0.01604452459610642
lightgbm,tuned_volume_assisted,volume_assisted,tuned,2,close_sma_50_ratio,616.0771408081055,75.0,0.015466287700464584
lightgbm,tuned_volume_assisted,volume_assisted,tuned,2,close_ema_50_ratio,477.1251006126404,57.0,0.011977970916935407
lightgbm,tuned_volume_assisted,volume_assisted,tuned,2,rolling_vol_50,795.6079988479614,102.0,0.019973314041213934
lightgbm,tuned_volume_assisted,volume_assisted,tuned,2,close_sma_100_ratio,522.9637265205383,64.0,0.013128725147413086
lightgbm,tuned_volume_assisted,volume_assisted,tuned,2,close_ema_100_ratio,635.9765710830688,75.0,0.015965852273342938
lightgbm,tuned_volume_assisted,volume_assisted,tuned,2,rolling_vol_100,1047.9999499320984,132.0,0.026309479222782848
lightgbm,tuned_volume_assisted,volume_assisted,tuned,2,close_sma_200_ratio,977.8641986846924,115.0,0.02454875863273182
lightgbm,tuned_volume_assisted,volume_assisted,tuned,2,close_ema_200_ratio,876.1735730171204,106.0,0.02199586976730189
lightgbm,tuned_volume_assisted,volume_assisted,tuned,2,rolling_vol_200,750.4132300615311,92.0,0.018838723500019628
lightgbm,tuned_volume_assisted,volume_assisted,tuned,2,roc_5,1032.1534595489502,119.0,0.025911661542050633
lightgbm,tuned_volume_assisted,volume_assisted,tuned,2,roc_10,735.8164339065552,93.0,0.018472278725682172
lightgbm,tuned_volume_assisted,volume_assisted,tuned,2,roc_20,598.6244192123413,76.0,0.015028146442695898
lightgbm,tuned_volume_assisted,volume_assisted,tuned,2,rsi_14,722.8599421977997,87.0,0.01814701291871935
lightgbm,tuned_volume_assisted,volume_assisted,tuned,2,true_range_pct,564.4182605743408,71.0,0.014169419092531428
lightgbm,tuned_volume_assisted,volume_assisted,tuned,2,atr_pct_14,699.049530506134,88.0,0.017549265245421875
lightgbm,tuned_volume_assisted,volume_assisted,tuned,2,bb_width_pct_20,680.5263304710388,87.0,0.01708425019795516
lightgbm,tuned_volume_assisted,volume_assisted,tuned,2,bb_position_20,613.4444291591644,73.0,0.015400194880105309
lightgbm,tuned_volume_assisted,volume_assisted,tuned,2,volume_z20,1455.170523405075,165.0,0.03653127908413774
lightgbm,tuned_volume_assisted,volume_assisted,tuned,3,minute_of_day_sin,934.6260324716568,98.0,0.029915879421559197
lightgbm,tuned_volume_assisted,volume_assisted,tuned,3,minute_of_day_cos,1465.6632446050644,135.0,0.04691352837911243
lightgbm,tuned_volume_assisted,volume_assisted,tuned,3,day_of_week_sin,158.3941993713379,20.0,0.005069944132559832
lightgbm,tuned_volume_assisted,volume_assisted,tuned,3,day_of_week_cos,169.55537950992584,20.0,0.005427195597453545
lightgbm,tuned_volume_assisted,volume_assisted,tuned,3,month_sin,169.7160005569458,20.0,0.005432336819405716
lightgbm,tuned_volume_assisted,volume_assisted,tuned,3,month_cos,327.6601519584656,31.0,0.010487875638683837
lightgbm,tuned_volume_assisted,volume_assisted,tuned,3,is_after_gap,22.766860008239746,2.0,0.0007287306528503667
lightgbm,tuned_volume_assisted,volume_assisted,tuned,3,gap_minutes_from_prev_bar,13.902750015258789,3.0,0.0004450047170039371
lightgbm,tuned_volume_assisted,volume_assisted,tuned,3,open_rel_prev_close,500.599543094635,61.0,0.016023388017667783
lightgbm,tuned_volume_assisted,volume_assisted,tuned,3,high_rel_prev_close,676.1622471809387,74.0,0.02164286843432097
lightgbm,tuned_volume_assisted,volume_assisted,tuned,3,low_rel_prev_close,633.1216127872467,68.0,0.020265206798528525
lightgbm,tuned_volume_assisted,volume_assisted,tuned,3,close_rel_prev_close,379.23859083652496,44.0,0.01213881869464358
lightgbm,tuned_volume_assisted,volume_assisted,tuned,3,log_ret_1,146.5285189151764,17.0,0.004690142743075163
lightgbm,tuned_volume_assisted,volume_assisted,tuned,3,log_ret_2,712.442519068718,69.0,0.022804141715256573
lightgbm,tuned_volume_assisted,volume_assisted,tuned,3,log_ret_3,888.5971447229385,62.0,0.02844256859138938
lightgbm,tuned_volume_assisted,volume_assisted,tuned,3,log_ret_6,594.2597188949585,60.0,0.019021299940187964
lightgbm,tuned_volume_assisted,volume_assisted,tuned,3,log_ret_12,519.1410980224609,60.0,0.016616873435618497
lightgbm,tuned_volume_assisted,volume_assisted,tuned,3,log_ret_24,692.8717503547668,78.0,0.02217771281568327
lightgbm,tuned_volume_assisted,volume_assisted,tuned,3,log_ret_48,622.5672771930695,66.0,0.019927379453643767
lightgbm,tuned_volume_assisted,volume_assisted,tuned,3,open_to_close_pct,423.0532488822937,40.0,0.013541255585394122
lightgbm,tuned_volume_assisted,volume_assisted,tuned,3,high_low_range_pct,488.79455280303955,55.0,0.015645529222955947
lightgbm,tuned_volume_assisted,volume_assisted,tuned,3,upper_wick_pct,1004.835072517395,99.0,0.03216315812270689
lightgbm,tuned_volume_assisted,volume_assisted,tuned,3,lower_wick_pct,744.7437402009964,85.0,0.023838051967046685
lightgbm,tuned_volume_assisted,volume_assisted,tuned,3,close_position_in_bar,1216.0548257827759,93.0,0.03892396346153126
lightgbm,tuned_volume_assisted,volume_assisted,tuned,3,close_sma_5_ratio,1244.3046402931213,51.0,0.0398281946890073
lightgbm,tuned_volume_assisted,volume_assisted,tuned,3,close_ema_5_ratio,1401.6566467285156,42.0,0.04486477989818765
lightgbm,tuned_volume_assisted,volume_assisted,tuned,3,rolling_vol_5,717.5909663438797,82.0,0.02296893525036139
lightgbm,tuned_volume_assisted,volume_assisted,tuned,3,close_sma_10_ratio,687.8858880996704,57.0,0.02201812336615604
lightgbm,tuned_volume_assisted,volume_assisted,tuned,3,close_ema_10_ratio,583.3445596694946,52.0,0.018671923209911626
lightgbm,tuned_volume_assisted,volume_assisted,tuned,3,rolling_vol_10,819.1371084451675,91.0,0.026219264298861084
lightgbm,tuned_volume_assisted,volume_assisted,tuned,3,close_sma_20_ratio,384.6671886444092,40.0,0.012312579398718266
lightgbm,tuned_volume_assisted,volume_assisted,tuned,3,close_ema_20_ratio,367.4714891910553,39.0,0.011762172654690935
lightgbm,tuned_volume_assisted,volume_assisted,tuned,3,rolling_vol_20,565.4189603328705,65.0,0.01809815354195634
lightgbm,tuned_volume_assisted,volume_assisted,tuned,3,close_sma_50_ratio,470.39780032634735,50.0,0.015056678699088602
lightgbm,tuned_volume_assisted,volume_assisted,tuned,3,close_ema_50_ratio,479.72521924972534,53.0,0.015355234410283825
lightgbm,tuned_volume_assisted,volume_assisted,tuned,3,rolling_vol_50,510.5926637649536,65.0,0.016343251773471533
lightgbm,tuned_volume_assisted,volume_assisted,tuned,3,close_sma_100_ratio,494.0853600502014,45.0,0.01581487947230673
lightgbm,tuned_volume_assisted,volume_assisted,tuned,3,close_ema_100_ratio,422.567590713501,42.0,0.013525710446790101
lightgbm,tuned_volume_assisted,volume_assisted,tuned,3,rolling_vol_100,689.5675580501556,84.0,0.022071950922545127
lightgbm,tuned_volume_assisted,volume_assisted,tuned,3,close_sma_200_ratio,659.5760099887848,75.0,0.021111969599216133
lightgbm,tuned_volume_assisted,volume_assisted,tuned,3,close_ema_200_ratio,633.3210393190384,71.0,0.020271590121773615
lightgbm,tuned_volume_assisted,volume_assisted,tuned,3,rolling_vol_200,774.7994310855865,90.0,0.024800086399211208
lightgbm,tuned_volume_assisted,volume_assisted,tuned,3,roc_5,630.984386920929,61.0,0.020196797628344903
lightgbm,tuned_volume_assisted,volume_assisted,tuned,3,roc_10,690.8886394500732,72.0,0.022114236618099192
lightgbm,tuned_volume_assisted,volume_assisted,tuned,3,roc_20,548.1651331186295,60.0,0.01754588622158582
lightgbm,tuned_volume_assisted,volume_assisted,tuned,3,rsi_14,596.603031039238,77.0,0.01909630560140409
lightgbm,tuned_volume_assisted,volume_assisted,tuned,3,true_range_pct,415.6610598564148,46.0,0.013304643477581608
lightgbm,tuned_volume_assisted,volume_assisted,tuned,3,atr_pct_14,611.988312125206,71.0,0.019588763758831427
lightgbm,tuned_volume_assisted,volume_assisted,tuned,3,bb_width_pct_20,549.522449016571,57.0,0.017589331725272897
lightgbm,tuned_volume_assisted,volume_assisted,tuned,3,bb_position_20,601.7388331890106,66.0,0.019260694386337963
lightgbm,tuned_volume_assisted,volume_assisted,tuned,3,volume_z20,1184.8456575870514,116.0,0.03792500807172537
